{
  "whip": {
    "sounds": [
      {
        "name": "themes/whip",
        "stream": "true"
      }
    ]
  },
  "intercomchime": {
    "sounds": [
      {
        "name": "themes/intercomchime",
        "stream": "true"
      }
    ]
  },
  "nuclear": {
    "sounds": [
      {
        "name": "themes/nuclear",
        "stream": "true"
      }
    ]
  },
  "arkham": {
    "sounds": [
      {
        "name": "themes/arkham",
        "stream": "true"
      }
    ]
  },
  "incoming": {
    "sounds": [
      {
        "name": "themes/incoming",
        "stream": "true"
      }
    ]
  },
  "alien1": {
    "sounds": [
      {
        "name": "themes/alien1",
        "stream": "true"
      }
    ]
  }
}
